{
    "loss": 4.344430446624756,
    "accuracy": 0.4416666626930237
}